Lenguaje,Tiempo (s)
java,2.134
279209790387276
nodejs,23.652063713
47088408550139
r,46.7683029174805
47088408550139
cpp,10.5472
279209790387276
python,17.632019996643066
279209790387276
