Lenguaje,Tiempo (s)
java,2.16
279209790387276
nodejs,28.899772283
47088408550139
r,49.0218126773834
47088408550139
cpp,10.6137
279209790387276
python,17.903728723526
279209790387276
